Reporting_Date,Sales_Year,Sales_Month,Item_Type,Monthly_Retail_Sales,Monthly_Retail_Transfers,Monthly_Warehouse_Sales,Monthly_Gross_Volume
2026-08-01,2026,8,WINE,15570.96,16084.27,36241.66,51812.62
2026-08-01,2026,8,LIQUOR,32291.26,33100.78,13750.22,46041.48
2026-08-01,2026,8,BEER,13712.16,16532.91,216897.61,230609.77
2026-08-01,2026,8,KEGS,0.00,0.00,3289.00,3289.00
2026-08-01,2026,8,NON-ALCOHOL,4018.06,1980.83,2649.63,6667.69
2026-08-01,2026,8,DUNNAGE,0.00,0.00,-3478.00,-3478.00
2026-08-01,2026,8,STR_SUPPLIES,108.60,495.00,0.00,108.60
2026-08-01,2026,8,REF,0.00,0.00,-1.00,-1.00
2026-07-01,2026,7,WINE,16101.09,18360.75,39962.23,56063.32
2026-07-01,2026,7,LIQUOR,35235.98,35595.80,16694.85,51930.83
2026-07-01,2026,7,BEER,16593.05,14840.50,256811.15,273404.20
2026-07-01,2026,7,KEGS,0.00,0.00,3882.00,3882.00
2026-07-01,2026,7,NON-ALCOHOL,4982.91,1928.32,2803.91,7786.82
2026-07-01,2026,7,DUNNAGE,0.00,0.00,-3804.00,-3804.00
2026-07-01,2026,7,STR_SUPPLIES,107.19,449.00,0.00,107.19
2026-07-01,2026,7,REF,0.00,0.00,-11.00,-11.00
2026-06-01,2026,6,WINE,16197.74,19404.55,42688.69,58886.43
2026-06-01,2026,6,LIQUOR,34707.71,38874.10,18927.55,53635.26
2026-06-01,2026,6,BEER,15755.65,21163.00,275989.57,291745.22
2026-06-01,2026,6,KEGS,0.00,0.00,4168.00,4168.00
2026-06-01,2026,6,NON-ALCOHOL,4624.65,2352.17,3085.50,7710.15
2026-06-01,2026,6,DUNNAGE,0.00,0.00,-4103.00,-4103.00
2026-06-01,2026,6,STR_SUPPLIES,117.60,521.00,0.00,117.60
2026-06-01,2026,6,REF,0.00,0.00,-36.00,-36.00
2020-09-01,2020,9,WINE,24925.19,23992.23,50372.89,75298.08
2020-09-01,2020,9,BEER,22361.60,19459.00,311034.05,333395.65
2020-09-01,2020,9,KEGS,0.00,0.00,2661.00,2661.00
2020-09-01,2020,9,NON-ALCOHOL,2631.63,985.66,927.00,3558.63
2020-09-01,2020,9,DUNNAGE,0.00,0.00,-2614.00,-2614.00
2020-09-01,2020,9,LIQUOR,32104.37,31996.11,3036.67,35141.04
2020-09-01,2020,9,STR_SUPPLIES,77.34,394.00,0.00,77.34
2020-09-01,2020,9,REF,8.55,3.00,-70.00,-61.45
2020-07-01,2020,7,LIQUOR,35430.95,32850.99,3049.92,38480.87
2020-07-01,2020,7,WINE,25583.51,25117.75,50569.77,76153.28
2020-07-01,2020,7,BEER,28907.53,22576.83,363497.98,392405.51
2020-07-01,2020,7,KEGS,0.00,0.00,2096.00,2096.00
2020-07-01,2020,7,NON-ALCOHOL,4527.57,1665.00,1311.75,5839.32
2020-07-01,2020,7,DUNNAGE,0.00,0.00,-2207.00,-2207.00
2020-07-01,2020,7,STR_SUPPLIES,81.23,487.00,0.00,81.23
2020-07-01,2020,7,REF,8.17,9.00,-224.00,-215.83
2020-03-01,2020,3,LIQUOR,40648.27,42220.40,2455.60,43103.87
2020-03-01,2020,3,WINE,36201.92,35260.49,50124.95,86326.87
2020-03-01,2020,3,BEER,30333.67,31048.00,264124.22,294457.89
2020-03-01,2020,3,KEGS,0.00,0.00,2610.00,2610.00
2020-03-01,2020,3,NON-ALCOHOL,2126.82,1582.00,970.21,3097.03
2020-03-01,2020,3,DUNNAGE,0.00,0.00,-2800.00,-2800.00
2020-03-01,2020,3,STR_SUPPLIES,78.53,488.00,0.00,78.53
2020-03-01,2020,3,REF,22.08,0.00,-32.00,-9.92
2020-01-01,2020,1,LIQUOR,29345.39,29330.81,4503.05,33848.44
2020-01-01,2020,1,WINE,25091.07,24655.79,48157.96,73249.03
2020-01-01,2020,1,BEER,18241.05,20607.00,231515.04,249756.09
2020-01-01,2020,1,KEGS,0.00,0.00,5200.00,5200.00
2020-01-01,2020,1,NON-ALCOHOL,1471.81,1034.75,1075.67,2547.48
2020-01-01,2020,1,DUNNAGE,0.00,0.00,-5232.00,-5232.00
2020-01-01,2020,1,STR_SUPPLIES,153.43,344.00,0.00,153.43
2020-01-01,2020,1,REF,16.02,25.00,-1105.00,-1088.98
2019-11-01,2019,11,LIQUOR,37932.37,37585.58,4189.01,42121.38
2019-11-01,2019,11,WINE,35439.95,34598.42,51813.12,87253.07
2019-11-01,2019,11,KEGS,0.00,0.00,4811.00,4811.00
2019-11-01,2019,11,BEER,26087.62,23102.75,242517.68,268605.30
2019-11-01,2019,11,NON-ALCOHOL,1990.34,994.00,1027.63,3017.97
2019-11-01,2019,11,DUNNAGE,0.00,0.00,-4862.00,-4862.00
2019-11-01,2019,11,STR_SUPPLIES,157.42,869.00,0.00,157.42
2019-11-01,2019,11,REF,23.61,20.00,-398.00,-374.39
2019-10-01,2019,10,LIQUOR,33125.38,34973.68,5127.26,38252.64
2019-10-01,2019,10,KEGS,0.00,0.00,5650.00,5650.00
2019-10-01,2019,10,BEER,23500.15,21778.00,288670.54,312170.69
2019-10-01,2019,10,WINE,29585.02,30271.91,55817.57,85402.59
2019-10-01,2019,10,NON-ALCOHOL,1854.64,990.00,1020.67,2875.31
2019-10-01,2019,10,DUNNAGE,0.00,0.00,-5649.00,-5649.00
2019-10-01,2019,10,STR_SUPPLIES,143.31,387.00,0.00,143.31
2019-10-01,2019,10,REF,21.91,25.00,-434.00,-412.09
2019-09-01,2019,9,LIQUOR,30377.12,30638.09,4125.08,34502.20
2019-09-01,2019,9,WINE,26814.72,27246.36,44151.67,70966.39
2019-09-01,2019,9,BEER,23758.83,24570.92,269258.39,293017.22
2019-09-01,2019,9,KEGS,0.00,0.00,4951.00,4951.00
2019-09-01,2019,9,NON-ALCOHOL,1031.37,1022.00,988.88,2020.25
2019-09-01,2019,9,DUNNAGE,0.00,0.00,-5150.00,-5150.00
2019-09-01,2019,9,STR_SUPPLIES,126.44,611.00,0.00,126.44
2019-09-01,2019,9,REF,17.73,28.00,-279.00,-261.27
2019-08-01,2019,8,LIQUOR,33624.86,32838.70,4501.42,38126.28
2019-08-01,2019,8,WINE,28433.64,27171.75,47447.98,75881.62
2019-08-01,2019,8,KEGS,0.00,0.00,5267.00,5267.00
2019-08-01,2019,8,BEER,27134.42,27089.25,304173.99,331308.41
2019-08-01,2019,8,NON-ALCOHOL,1303.57,1307.00,1250.71,2554.28
2019-08-01,2019,8,DUNNAGE,0.00,0.00,-5128.00,-5128.00
2019-08-01,2019,8,REF,21.95,8.00,-7910.00,-7888.05
2019-08-01,2019,8,STR_SUPPLIES,110.17,459.00,0.00,110.17
2019-07-01,2019,7,LIQUOR,33039.70,36640.02,4586.50,37626.20
2019-07-01,2019,7,WINE,27483.01,30573.17,47327.53,74810.54
2019-07-01,2019,7,KEGS,0.00,0.00,5355.00,5355.00
2019-07-01,2019,7,BEER,28776.20,32237.48,322462.99,351239.19
2019-07-01,2019,7,NON-ALCOHOL,1323.96,1456.67,1360.46,2684.42
2019-07-01,2019,7,DUNNAGE,0.00,0.00,-5672.00,-5672.00
2019-07-01,2019,7,STR_SUPPLIES,112.46,582.00,0.00,112.46
2019-07-01,2019,7,REF,28.15,20.00,-449.00,-420.85
2019-06-01,2019,6,LIQUOR,33495.02,31444.51,5024.33,38519.35
2019-06-01,2019,6,WINE,28080.51,25415.51,46547.79,74628.30
2019-06-01,2019,6,BEER,27867.04,27008.42,293539.54,321406.58
2019-06-01,2019,6,KEGS,0.00,0.00,5358.00,5358.00
2019-06-01,2019,6,NON-ALCOHOL,1256.66,1268.29,1159.42,2416.08
2019-06-01,2019,6,DUNNAGE,0.00,0.00,-5232.00,-5232.00
2019-06-01,2019,6,STR_SUPPLIES,136.53,597.00,0.00,136.53
2019-06-01,2019,6,REF,24.63,10.00,190.00,214.63
2019-05-01,2019,5,LIQUOR,34570.71,32482.97,5420.93,39991.64
2019-05-01,2019,5,WINE,31036.31,29005.58,55323.98,86360.29
2019-05-01,2019,5,BEER,27905.13,24966.79,321526.33,349431.46
2019-05-01,2019,5,KEGS,0.00,0.00,5860.00,5860.00
2019-05-01,2019,5,NON-ALCOHOL,1302.34,1170.46,1255.34,2557.68
2019-05-01,2019,5,DUNNAGE,0.00,0.00,-5536.00,-5536.00
2019-05-01,2019,5,STR_SUPPLIES,116.21,408.00,0.00,116.21
2019-05-01,2019,5,REF,22.40,23.00,-59.00,-36.60
2019-04-01,2019,4,LIQUOR,29719.95,30490.38,4483.78,34203.73
2019-04-01,2019,4,WINE,28975.48,30069.02,47662.98,76638.46
2019-04-01,2019,4,KEGS,0.00,0.00,5217.00,5217.00
2019-04-01,2019,4,BEER,20535.97,21679.38,246457.69,266993.66
2019-04-01,2019,4,NON-ALCOHOL,993.85,1039.12,1011.42,2005.27
2019-04-01,2019,4,DUNNAGE,0.00,0.00,-5533.00,-5533.00
2019-04-01,2019,4,REF,22.62,16.00,-459.00,-436.38
2019-04-01,2019,4,STR_SUPPLIES,94.71,340.00,0.00,94.71
2019-03-01,2019,3,LIQUOR,32150.16,34663.71,4502.92,36653.08
2019-03-01,2019,3,WINE,30324.10,32943.05,47992.44,78316.54
2019-03-01,2019,3,BEER,20782.07,22181.85,239801.23,260583.30
2019-03-01,2019,3,KEGS,0.00,0.00,5600.00,5600.00
2019-03-01,2019,3,NON-ALCOHOL,1065.75,1159.00,1065.13,2130.88
2019-03-01,2019,3,DUNNAGE,0.00,0.00,-5182.00,-5182.00
2019-03-01,2019,3,STR_SUPPLIES,99.01,361.00,0.00,99.01
2019-03-01,2019,3,REF,19.95,13.00,-519.00,-499.05
2019-02-01,2019,2,LIQUOR,29815.10,27187.36,3606.33,33421.43
2019-02-01,2019,2,WINE,30194.83,27655.78,44167.47,74362.30
2019-02-01,2019,2,KEGS,0.00,0.00,4435.00,4435.00
2019-02-01,2019,2,BEER,19014.53,16358.38,200480.88,219495.41
2019-02-01,2019,2,NON-ALCOHOL,972.43,806.46,891.00,1863.43
2019-02-01,2019,2,DUNNAGE,0.00,0.00,-4388.00,-4388.00
2019-02-01,2019,2,REF,26.35,5.00,-605.00,-578.65
2019-02-01,2019,2,STR_SUPPLIES,90.30,403.00,0.00,90.30
2019-01-01,2019,1,LIQUOR,29227.06,28149.11,3913.06,33140.12
2019-01-01,2019,1,WINE,28745.21,27509.95,45062.48,73807.69
2019-01-01,2019,1,BEER,17117.74,19258.97,232197.46,249315.20
2019-01-01,2019,1,KEGS,0.00,0.00,4573.00,4573.00
2019-01-01,2019,1,NON-ALCOHOL,889.82,1003.68,1102.25,1992.07
2019-01-01,2019,1,DUNNAGE,0.00,0.00,-5133.00,-5133.00
2019-01-01,2019,1,REF,30.75,12.00,-1334.00,-1303.25
2019-01-01,2019,1,STR_SUPPLIES,89.95,361.92,0.00,89.95
2018-02-01,2018,2,LIQUOR,28852.31,29295.05,3311.85,32164.16
2018-02-01,2018,2,WINE,29409.39,30973.35,44331.49,73740.88
2018-02-01,2018,2,KEGS,0.00,0.00,4721.00,4721.00
2018-02-01,2018,2,BEER,18640.31,17665.72,216587.68,235227.99
2018-02-01,2018,2,NON-ALCOHOL,812.84,893.66,914.50,1727.34
2018-02-01,2018,2,DUNNAGE,0.00,0.00,-4742.00,-4742.00
2018-02-01,2018,2,REF,41.52,20.00,-116.00,-74.48
2018-02-01,2018,2,STR_SUPPLIES,47.76,409.00,0.00,47.76
2018-01-01,2018,1,WINE,29792.72,27073.47,41646.14,71438.86
2018-01-01,2018,1,LIQUOR,28579.87,25708.64,3331.93,31911.80
2018-01-01,2018,1,KEGS,0.00,0.00,5065.00,5065.00
2018-01-01,2018,1,BEER,16606.33,20661.55,209111.89,225718.22
2018-01-01,2018,1,NON-ALCOHOL,732.25,757.52,1077.71,1809.96
2018-01-01,2018,1,DUNNAGE,0.00,0.00,-5623.00,-5623.00
2018-01-01,2018,1,REF,23.66,13.00,-92.00,-68.34
2018-01-01,2018,1,STR_SUPPLIES,56.94,181.96,0.00,56.94
2017-12-01,2017,12,WINE,51492.76,48815.39,53945.66,105438.42
2017-12-01,2017,12,LIQUOR,49522.28,45260.17,3419.51,52941.79
2017-12-01,2017,12,BEER,28822.16,24978.53,250504.32,279326.48
2017-12-01,2017,12,KEGS,0.00,0.00,4834.00,4834.00
2017-12-01,2017,12,NON-ALCOHOL,1316.44,1128.42,945.75,2262.19
2017-12-01,2017,12,DUNNAGE,0.00,0.00,-4892.00,-4892.00
2017-12-01,2017,12,STR_SUPPLIES,439.64,918.00,0.00,439.64
2017-12-01,2017,12,REF,41.21,29.00,-1800.00,-1758.79
2017-11-01,2017,11,WINE,38275.92,39335.40,56940.81,95216.73
2017-11-01,2017,11,LIQUOR,35524.77,36684.62,3846.56,39371.33
2017-11-01,2017,11,BEER,23341.14,25858.78,279490.13,302831.27
2017-11-01,2017,11,KEGS,0.00,0.00,5663.00,5663.00
2017-11-01,2017,11,NON-ALCOHOL,1005.19,952.24,1105.17,2110.36
2017-11-01,2017,11,DUNNAGE,0.00,0.00,-5610.00,-5610.00
2017-11-01,2017,11,REF,63.11,8.92,-2130.00,-2066.89
2017-11-01,2017,11,STR_SUPPLIES,106.06,391.00,0.00,106.06
2017-10-01,2017,10,WINE,33108.76,34455.67,46424.54,79533.30
2017-10-01,2017,10,LIQUOR,32491.59,34712.95,3659.84,36151.43
2017-10-01,2017,10,BEER,22583.78,22478.76,254991.61,277575.39
2017-10-01,2017,10,KEGS,0.00,0.00,5522.00,5522.00
2017-10-01,2017,10,NON-ALCOHOL,945.63,988.59,1049.92,1995.55
2017-10-01,2017,10,DUNNAGE,0.00,0.00,-6605.00,-6605.00
2017-10-01,2017,10,STR_SUPPLIES,84.38,388.00,0.00,84.38
2017-10-01,2017,10,REF,22.82,12.00,-1329.00,-1306.18
2017-10-01,2017,10,,0.00,0.00,1.00,1.00
2017-09-01,2017,9,WINE,32936.89,31545.10,43509.70,76446.59
2017-09-01,2017,9,LIQUOR,32532.32,31605.49,3310.43,35842.75
2017-09-01,2017,9,BEER,23852.76,21490.18,258320.23,282172.99
2017-09-01,2017,9,KEGS,0.00,0.00,5354.00,5354.00
2017-09-01,2017,9,NON-ALCOHOL,997.11,930.61,998.17,1995.28
2017-09-01,2017,9,DUNNAGE,0.00,0.00,-5535.00,-5535.00
2017-09-01,2017,9,STR_SUPPLIES,94.64,354.00,0.00,94.64
2017-09-01,2017,9,REF,38.88,9.00,-517.00,-478.12
2017-08-01,2017,8,WINE,30707.45,30341.90,48233.62,78941.07
2017-08-01,2017,8,LIQUOR,32186.04,31911.70,3840.43,36026.47
2017-08-01,2017,8,BEER,23030.13,25747.67,329371.89,352402.02
2017-08-01,2017,8,KEGS,0.00,0.00,6163.00,6163.00
2017-08-01,2017,8,NON-ALCOHOL,1091.28,1110.16,1221.75,2313.03
2017-08-01,2017,8,DUNNAGE,0.00,0.00,-5940.00,-5940.00
2017-08-01,2017,8,STR_SUPPLIES,77.34,357.00,0.00,77.34
2017-08-01,2017,8,REF,19.54,18.00,-704.00,-684.46
2017-07-01,2017,7,WINE,30730.59,29653.19,41710.91,72441.50
2017-07-01,2017,7,LIQUOR,33360.53,32764.81,3293.18,36653.71
2017-07-01,2017,7,BEER,27157.11,25045.37,271407.88,298564.99
2017-07-01,2017,7,KEGS,0.00,-1.00,5229.00,5229.00
2017-07-01,2017,7,NON-ALCOHOL,1231.78,1154.92,1075.33,2307.11
2017-07-01,2017,7,DUNNAGE,0.00,0.00,-5805.00,-5805.00
2017-07-01,2017,7,STR_SUPPLIES,77.86,452.96,0.00,77.86
2017-07-01,2017,7,REF,67.42,13.00,-58.00,9.42
2017-06-01,2017,6,WINE,33129.64,30937.81,47701.46,80831.10
2017-06-01,2017,6,LIQUOR,35035.31,33299.86,4366.68,39401.99
2017-06-01,2017,6,BEER,27863.26,28864.42,326192.94,354056.20
2017-06-01,2017,6,KEGS,0.00,0.00,6236.00,6236.00
2017-06-01,2017,6,NON-ALCOHOL,1209.23,1266.17,1343.75,2552.98
2017-06-01,2017,6,DUNNAGE,0.00,0.00,-6384.00,-6384.00
2017-06-01,2017,6,STR_SUPPLIES,89.22,302.74,0.00,89.22
2017-06-01,2017,6,REF,30.60,49.00,-66.00,-35.40
